?úü?è°§,??Ä??ñ?ó??úü,??Ä??ñ?è°§??Å
2025108,2025/4/28,407
2025109,2025/4/29,841
2025110,2025/4/30,914
2025111,2025/5/1,270
2025112,2025/5/2,954
2025113,2025/5/3,635
2025114,2025/5/4,375
2025115,2025/5/5,206
2025116,2025/5/6,320
2025117,2025/5/7,849
2025118,2025/5/8,621
2025119,2025/5/9,315
2025120,2025/5/10,912
2025121,2025/5/11,120
2025122,2025/5/12,488
2025123,2025/5/13,725
2025124,2025/5/14,809
2025125,2025/5/15,351
2025126,2025/5/16,320
2025127,2025/5/17,431
2025128,2025/5/18,814
2025129,2025/5/19,915
2025130,2025/5/20,204
2025131,2025/5/21,203
2025132,2025/5/22,689
2025133,2025/5/23,645
2025134,2025/5/24,748
2025135,2025/5/25,458
2025136,2025/5/26,113
2025137,2025/5/27,838
2025138,2025/5/28,296
2025139,2025/5/29,598
2025140,2025/5/30,149
2025141,2025/5/31,202
2025142,2025/6/1,916
2025143,2025/6/2,256
2025144,2025/6/3,666
2025145,2025/6/4,267
2025146,2025/6/5,897
2025147,2025/6/6,321
2025148,2025/6/7,838
2025149,2025/6/8,734
2025150,2025/6/9,321
2025151,2025/6/10,718
2025152,2025/6/11,210
2025153,2025/6/12,069
2025154,2025/6/13,923
2025155,2025/6/14,499
2025156,2025/6/15,775
2025157,2025/6/16,969
2025158,2025/6/17,701
2025159,2025/6/18,073
2025160,2025/6/19,503
2025161,2025/6/20,748
2025162,2025/6/21,275
2025163,2025/6/22,636
2025164,2025/6/23,337
2025165,2025/6/24,609
2025166,2025/6/25,808
2025167,2025/6/26,702
2025168,2025/6/27,514
2025169,2025/6/28,978
2025170,2025/6/29,475
2025171,2025/6/30,113
2025172,2025/7/1,406
2025173,2025/7/2,092
2025174,2025/7/3,533
2025175,2025/7/4,616
2025176,2025/7/5,122
2025177,2025/7/6,497
2025178,2025/7/7,728
2025179,2025/7/8,280
2025180,2025/7/9,260
2025181,2025/7/10,886
2025182,2025/7/11,708
2025183,2025/7/12,744
2025184,2025/7/13,799
2025185,2025/7/14,164
2025186,2025/7/15,227
2025187,2025/7/16,761
2025188,2025/7/17,018
2025189,2025/7/18,907
2025190,2025/7/19,402
2025191,2025/7/20,202
2025192,2025/7/21,691
2025193,2025/7/22,876
2025194,2025/7/23,726
2025195,2025/7/24,980
2025196,2025/7/25,734
2025197,2025/7/26,057
2025198,2025/7/27,898
2025199,2025/7/28,943
2025200,2025/7/29,015
2025201,2025/7/30,846
2025202,2025/7/31,953
2025203,2025/8/1,013
2025204,2025/8/2,007
2025205,2025/8/3,920
2025206,2025/8/4,444
2025207,2025/8/5,255
2025208,2025/8/6,432
2025209,2025/8/7,387
2025210,2025/8/8,520
2025211,2025/8/9,897
2025212,2025/8/10,456
2025213,2025/8/11,381
2025214,2025/8/12,920
2025215,2025/8/13,853
2025216,2025/8/14,625
2025217,2025/8/15,894
2025218,2025/8/16,526
2025219,2025/8/17,900
2025220,2025/8/18,536
2025221,2025/8/19,296
2025222,2025/8/20,010
2025223,2025/8/21,736
2025224,2025/8/22,990
2025225,2025/8/23,806
2025226,2025/8/24,180
2025227,2025/8/25,611
2025228,2025/8/26,465
2025229,2025/8/27,108
2025230,2025/8/28,439
2025231,2025/8/29,732
2025232,2025/8/30,044
2025233,2025/8/31,259
2025234,2025/9/1,620
2025235,2025/9/2,969
2025236,2025/9/3,355
2025237,2025/9/4,590
2025238,2025/9/5,860
2025239,2025/9/6,125
2025240,2025/9/7,419
2025241,2025/9/8,160
2025242,2025/9/9,990
2025243,2025/9/10,176
2025244,2025/9/11,673
2025245,2025/9/12,848
2025246,2025/9/13,997
2025247,2025/9/14,262
2025248,2025/9/15,526
2025249,2025/9/16,952
2025250,2025/9/17,902
2025251,2025/9/18,868
2025252,2025/9/19,792
2025253,2025/9/20,457
2025254,2025/9/21,072
2025255,2025/9/22,264
2025256,2025/9/23,406
2025257,2025/9/24,860
2025258,2025/9/25,626
2025259,2025/9/26,625
2025260,2025/9/27,199
2025261,2025/9/28,751
2025262,2025/9/29,914
2025263,2025/9/30,399
2025264,2025/10/5,734
2025265,2025/10/6,546
2025266,2025/10/7,723
2025267,2025/10/8,391
2025268,2025/10/9,674
2025269,2025/10/10,055
2025270,2025/10/11,408
2025271,2025/10/12,727
2025272,2025/10/13,967
2025273,2025/10/14,045
2025274,2025/10/15,596
2025275,2025/10/16,203
2025276,2025/10/17,714
2025277,2025/10/18,061
2025278,2025/10/19,629
2025279,2025/10/20,752
2025280,2025/10/21,411
2025281,2025/10/22,897
2025282,2025/10/23,416
2025283,2025/10/24,664
2025284,2025/10/25,844
2025285,2025/10/26,172
2025286,2025/10/27,827
2025287,2025/10/28,805
2025288,2025/10/29,767
2025289,2025/10/30,473
2025290,2025/10/31,332
2025291,2025/11/1,794
2025292,2025/11/2,117
2025293,2025/11/3,154
2025294,2025/11/4,513
2025295,2025/11/5,273
2025296,2025/11/6,537
2025297,2025/11/7,051
2025298,2025/11/8,544
2025299,2025/11/9,385
2025300,2025/11/10,867
2025301,2025/11/11,755
2025302,2025/11/12,715
2025303,2025/11/13,933
2025304,2025/11/14,471
2025305,2025/11/15,310
2025306,2025/11/16,697
2025307,2025/11/17,164
2025308,2025/11/18,448
2025309,2025/11/19,190
2025310,2025/11/20,169
2025311,2025/11/21,640
2025312,2025/11/22,689
2025313,2025/11/23,664
2025314,2025/11/24,917
2025315,2025/11/25,729
2025316,2025/11/26,775
2025317,2025/11/27,301
2025318,2025/11/28,430
2025319,2025/11/29,294
2025320,2025/11/30,121
2025321,2025/12/1,847
2025322,2025/12/2,226
2025323,2025/12/3,551
2025324,2025/12/4,661
2025325,2025/12/5,165
2025326,2025/12/6,185
2025327,2025/12/7,789
2025328,2025/12/8,040
2025329,2025/12/9,564
2025330,2025/12/10,062
2025331,2025/12/11,050
2025332,2025/12/12,885
2025333,2025/12/13,273
2025334,2025/12/14,198
2025335,2025/12/15,051
2025336,2025/12/16,641
2025337,2025/12/17,876
2025338,2025/12/18,689
2025339,2025/12/19,676
2025340,2025/12/20,130
2025341,2025/12/21,996
2025342,2025/12/22,681
2025343,2025/12/23,645
2025344,2025/12/24,622
2025345,2025/12/25,630
2025346,2025/12/26,897
2025347,2025/12/27,192
2025348,2025/12/28,278
2025349,2025/12/29,743
2025350,2025/12/30,580
2025351,2025/12/31,452
2026001,2026/1/1,298
2026002,2026/1/2,520
2026003,2026/1/3,601
2026004,2026/1/4,019
2026005,2026/1/5,476
2026006,2026/1/6,244
2026007,2026/1/7,353
2026008,2026/1/8,252
2026009,2026/1/9,265
2026010,2026/1/10,667
2026011,2026/1/11,647
2026012,2026/1/12,241
2026013,2026/1/13,513
2026014,2026/1/14,050
2026015,2026/1/15,532
2026016,2026/1/16,582
2026017,2026/1/17,945
2026018,2026/1/18,494
2026019,2026/1/19,223
2026020,2026/1/20,676
2026021,2026/1/21,559
2026022,2026/1/22,678
2026023,2026/1/23,784
2026024,2026/1/24,911
2026025,2026/1/25,029
2026026,2026/1/26,099
2026027,2026/1/27,126
2026028,2026/1/28,270
2026029,2026/1/29,003
2026030,2026/1/30,134
2026031,2026/1/31,142
2026032,2026/2/1,452
2026033,2026/2/2,119
2026034,2026/2/3,052
2026035,2026/2/4,213
2026036,2026/2/5,762
2026037,2026/2/6,420
2026038,2026/2/7,467
2026039,2026/2/8,450
2026040,2026/2/9,425
2026041,2026/2/10,901
2026042,2026/2/11,854
2026043,2026/2/12,765
2026044,2026/2/13,589
2026045,2026/2/24,181
2026046,2026/2/25,291
2026047,2026/2/26,936
2026048,2026/2/27,612
2026049,2026/2/28,110
2026050,2026/3/1,689
2026051,2026/3/2,302
2026052,2026/3/3,277
2026053,2026/3/4,755
2026054,2026/3/5,217
2026055,2026/3/6,107
2026056,2026/3/7,477
2026057,2026/3/8,264
2026058,2026/3/9,543
2026059,2026/3/10,794
2026060,2026/3/11,943
2026061,2026/3/12,429
2026062,2026/3/13,294
2026063,2026/3/14,517
2026064,2026/3/15,604
2026065,2026/3/16,057
2026066,2026/3/17,934
2026067,2026/3/18,695
2026068,2026/3/19,706
2026069,2026/3/20,908
2026070,2026/3/21,484
2026071,2026/3/22,261
2026072,2026/3/23,245
2026073,2026/3/24,504
2026074,2026/3/25,487
2026075,2026/3/26,816
2026076,2026/3/27,863
2026077,2026/3/28,112
2026078,2026/3/29,049
2026079,2026/3/30,233
2026080,2026/3/31,802
2026081,2026/4/1,827
2026082,2026/4/2,942
2026083,2026/4/3,506
2026084,2026/4/4,456
2026085,2026/4/5,118
2026086,2026/4/6,382
2026087,2026/4/7,911
2026088,2026/4/8,608
2026089,2026/4/9,922
2026090,2026/4/10,816
2026091,2026/4/11,537
2026092,2026/4/12,870
2026093,2026/4/13,518
2026094,2026/4/14,418
2026095,2026/4/15,022
2026096,2026/4/16,689
2026097,2026/4/17,818
2026098,2026/4/18,513
2026099,2026/4/19,877
2026100,2026/4/20,414
2026101,2026/4/21,584
2026102,2026/4/22,420
2026103,2026/4/23,661
2026104,2026/4/24,482
2026105,2026/4/25,631
2026106,2026/4/26,928
2026107,2026/4/27,278
2026108,2026/4/28,671
2026109,2026/4/29,195
2026110,2026/4/30,379
2026111,2026/5/1,863
2026112,2026/5/2,065
2026113,2026/5/3,040
2026114,2026/5/4,864
2026115,2026/5/5,581
2026116,2026/5/6,020
2026117,2026/5/7,411
2026118,2026/5/8,132
2026119,2026/5/9,112
2026120,2026/5/10,734
2026121,2026/5/11,393
2026122,2026/5/12,346
2026123,2026/5/13,200
2026124,2026/5/14,280
2026125,2026/5/15,954
2026126,2026/5/16,846
2026127,2026/5/17,700
2026128,2026/5/18,776
2026129,2026/5/19,023
2026130,2026/5/20,267
2026131,2026/5/21,598
2026132,2026/5/22,756
2026133,2026/5/23,080
2026134,2026/5/24,654
2026135,2026/5/25,487
2026136,2026/5/26,889
2026137,2026/5/27,165
2026138,2026/5/28,790
2026139,2026/5/29,286
2026140,2026/5/30,285
2026141,2026/5/31,397
2026142,2026/6/1,894
2026143,2026/6/2,376
2026144,2026/6/3,726
2026145,2026/6/4,279
2026146,2026/6/5,464
2026147,2026/6/6,712
2026148,2026/6/7,408
2026149,2026/6/8,696
2026150,2026/6/9,720
2026151,2026/6/10,631
2026152,2026/6/11,220
2026153,2026/6/12,887
2026154,2026/6/13,377
2026155,2026/6/14,409
2026156,2026/6/15,162
2026157,2026/6/16,327
2026158,2026/6/17,178
2026159,2026/6/18,995
2026160,2026/6/19,332
2026161,2026/6/20,529
2026162,2026/6/21,585
2026163,2026/6/22,537
2026164,2026/6/23,690
2026165,2026/6/24,424
2026166,2026/6/25,900
2026167,2026/6/26,631
2026168,2026/6/27,130
2026169,2026/6/28,832
2026170,2026/6/29,805
2026171,2026/6/30,134
2026172,2026/7/1,445
2026173,2026/7/2,677
2026174,2026/7/3,618
2026175,2026/7/4,421
2026176,2026/7/5,269
2026177,2026/7/6,808
2026178,2026/7/7,266
2026179,2026/7/8,993
2026180,2026/7/9,520
2026181,2026/7/10,818
2026182,2026/7/11,662
2026183,2026/7/12,923
2026184,2026/7/13,902
2026185,2026/7/14,397
2026186,2026/7/15,045
2026187,2026/7/16,023
2026188,2026/7/17,969
2026189,2026/7/18,558
2026190,2026/7/19,026
2026191,2026/7/20,906
2026192,2026/7/21,425
2026193,2026/7/22,254
2026194,2026/7/23,283
2026195,2026/7/24,275
2026196,2026/7/25,419
2026197,2026/7/26,232
2026198,2026/7/27,685
2026199,2026/7/28,591
2026200,2026/7/29,912
2026201,2026/7/30,321
2026202,2026/7/31,988
2026203,2026/8/1,435
2026204,2026/8/2,978
2026205,2026/8/3,814
2026206,2026/8/4,942
2026207,2026/8/5,415
2026208,2026/8/6,632
2026209,2026/8/7,289
2026210,2026/8/8,755
2026211,2026/8/9,708
2026212,2026/8/10,561
2026213,2026/8/11,872
2026214,2026/8/12,545
2026215,2026/8/13,172
2026216,2026/8/14,935
2026217,2026/8/15,882
2026218,2026/8/16,382
2026219,2026/8/17,225
2026220,2026/8/18,373
2026221,2026/8/19,296
2026222,2026/8/20,380
2026223,2026/8/21,948
2026224,2026/8/22,862
2026225,2026/8/23,555
2026226,2026/8/24,851
2026227,2026/8/25,522
2026228,2026/8/26,399
2026229,2026/8/27,828
2026230,2026/8/28,066
2026231,2026/8/29,733
2026232,2026/8/30,658
2026233,2026/8/31,970
2026234,2026/9/1,695
2026235,2026/9/2,219
2026236,2026/9/3,047
2026237,2026/9/4,854
2026238,2026/9/5,899
2026239,2026/9/6,002
2026240,2026/9/7,981
2026241,2026/9/8,002
2026242,2026/9/9,555
2026243,2026/9/10,219
2026244,2026/9/11,654
2026245,2026/9/12,549
2026246,2026/9/13,982
2026247,2026/9/14,609
2026248,2026/9/15,876
2026249,2026/9/16,689
2026250,2026/9/17,954
2026251,2026/9/18,777
2026252,2026/9/19,092
2026253,2026/9/20,034
2026254,2026/9/21,850
2026255,2026/9/22,699
2026256,2026/9/23,051
2026257,2026/9/24,486
2026258,2026/9/25,635
2026259,2026/9/26,731
2026260,2026/9/27,619
2026261,2026/9/28,511
2026262,2026/9/29,347
2026263,2026/9/30,987
2026264,2026/10/5,119
2026265,2026/10/6,161
2026266,2026/10/7,346
